id,meal
MNC7,0
X1WE,0
8V7V,0
81U1,0
DTQ8,0
4U23,0
T1QT,0
MHG7,0
1YD7,0
332K,0
Y9L5,0
0B6X,0
ENE0,0
EYU6,0
KWD1,0
TYQ9,0
ZUE3,0
AEQ7,0
05PE,0
9UCR,0
59GT,0
D4CH,0
0CGB,0
7LUU,0
J3CZ,0
G7A5,0
UPH1,0
AXZ6,0
MJG8,0
7MKH,0
H5GQ,0
54YM,0
P174,0
TK0Y,0
8TG4,0
RAS6,0
0VXC,0
CLR0,0
RPK5,0
EG46,0
0XQV,0
NW9D,0
432M,0
7VSY,0
N5Y0,0
9L69,0
LUE1,0
WK2R,0
0A21,0
3RNJ,0
36WA,0
9F9R,0
TNB6,0
B71R,0
6YAZ,0
T82R,0
SB36,0
V7AA,0
0BCD,0
TX5T,0
5K5H,0
XK1J,0
BSC9,0
YEX7,0
NMX4,0
EVA3,0
EXM8,0
BUM0,0
9FSR,0
F35X,0
EGK1,0
F67N,0
BSS1,0
XM30,0
6HGM,0
J58H,0
71YR,0
TXV1,0
PZU7,0
EH1G,0
RDY2,0
2DRG,0
DKE6,0
M5EL,0
ZQG5,0
UFE6,0
CTY2,0
CMV7,0
TPW5,0
J61H,0
YEY9,0
KF44,0
XCS3,0
AHC5,0
BXB2,0
WD5P,0
Z040,0
HMZ9,0
LWJ8,0
CAT8,0
JDL2,0
VV09,0
EY85,0
UQL2,0
H2ED,0
GCF1,0
EP1P,0
93QT,0
RRH5,0
AV8K,0
ZHN2,0
VXZ1,0
2VWS,0
7ULV,0
3QVM,0
C3S5,0
ZH41,0
EVT3,0
D5J7,0
W0PC,0
KGZ1,0
11WT,0
CDZ5,0
0BJW,0
ZB8H,0
WRF7,0
6LYQ,0
0131,0
MCF3,0
7MU8,0
C3Z2,0
Y2MZ,0
S2LM,0
VMK2,0
ZNS1,0
E0WU,0
SPD2,0
60CY,0
HHE4,0
DLH7,0
L2MG,0
M0J7,0
3GLC,0
1P82,0
JYB6,0
1G4P,0
R3BY,0
DJF1,0
T44C,0
ZHF8,0
G2Z5,0
Y6XJ,0
M10N,0
D9X8,0
DM5J,0
5NC1,0
2DGS,0
CV7R,0
545W,0
9B2Z,0
ZRT1,0
KTN2,0
YNB6,0
6Q2Q,0
N5VZ,0
NLN4,0
8ZE5,0
XKT1,0
4FJ3,0
Z3ZW,0
D7ZR,0
MWA8,0
8K5Q,0
H8GS,0
11AQ,0
W3MJ,0
W8U6,0
M03B,0
R13H,0
XVJ2,0
MF79,0
HA2B,0
JG8S,0
8X9J,0
FHA8,0
50JY,0
ZZF1,0
YHC0,0
B8CS,0
F7YA,0
2EA2,0
YND4,0
CSK6,0
VQ19,0
PN1D,0
WL6H,0
C2U6,0
LSR7,0
96QK,0
STH9,0
5NZ3,0
DKD6,0
PCT7,0
Q158,0
ALM5,0
RD9X,0
LXR7,0
K2HS,0
WFQ5,0
FU2M,0
8B72,0
F0P0,0
R256,0
G42R,0
RS3U,0
946V,0
W8EG,0
79R6,0
JSG6,0
3NBZ,0
XN4D,0
TJ2X,0
7VC3,0
CSS7,0
5YB4,0
3VSC,0
3NLV,0
GWD4,0
36MY,0
EMN1,0
QTW4,0
V414,0
1XHD,0
Z9P0,0
U8ZH,0
XC7G,0
WC0Y,0
90JN,0
Y56N,0
4WMG,0
4TNA,0
4HC8,0
P0BK,0
4RCC,0
YGW3,0
S20H,0
ZFD4,0
21GS,0
SPS8,0
FP48,0
K8PL,0
C04P,0
E1MX,0
1CFU,0
5NHN,0
FAX3,0
LNA2,0
EQG6,0
ZER0,0
AQQ0,0
00ZF,0
90ZJ,0
BHW0,0
NJX6,0
RBC3,0
S3UP,0
65U4,0
4PN4,0
2GQ8,0
4D2B,0
Y6F7,0
8T32,0
PHN2,0
JR0X,0
5SVF,0
PXB7,0
VBU2,0
U8Z9,0
RXN8,0
JUD5,0
51MS,0
XLJ1,0
PP2D,0
RKS4,0
D4KE,0
9TVU,0
97WP,0
4U17,0
4QEZ,0
7R8F,0
SH5Y,0
9L0G,0
5G8R,0
95LF,0
ZJV1,0
2B7H,0
5C27,0
8CY9,0
VR6N,0
L1NF,0
6Z9V,0
BG1E,0
Y6K0,0
2UKT,0
WPN6,0
2FU6,0
V2WE,0
9V08,0
Z0CB,0
BWM8,0
DX0R,0
D5UY,0
554R,0
S9JK,0
0C1E,0
LY82,0
H507,0
B1FN,0
HRR7,0
R1NH,0
RR0C,0
56PY,0
QWV2,0
QY8L,0
TL35,0
DNX7,0
DZQ0,0
RA6X,0
WAL0,0
GVH7,0
YAW8,0
VB56,0
KAH4,0
ECJ2,0
YD6V,0
VJG2,0
AWA6,0
WWC4,0
C3RG,0
TTE7,0
T0SR,0
E6A7,0
3VNP,0
DNW7,0
3TYY,0
08PB,0
3LA8,0
HRY6,0
P97H,0
1DMA,0
K3XN,0
DDT3,0
EM2U,0
SGH0,0
F6J0,0
JCR6,0
WGZ3,0
7QM4,0
H6CK,0
HBZ8,0
Q82T,0
P20P,0
7LMT,0
APT4,0
AUD0,0
4MVC,0
V1PH,0
R78S,0
1YPB,0
KH46,0
NDS9,0
HWX4,0
WKH8,0
NU5W,0
479N,0
45LQ,0
80E4,0
Y6J7,0
D68G,0
5XD1,0
FWP2,0
Y7CN,0
X7VZ,0
S051,0
PUS3,0
Y44L,0
XFZ8,0
RFC5,0
YB38,0
4QHG,0
3QJX,0
WMU5,0
8JNN,0
8PTX,0
PA7J,0
WTR3,0
39YN,0
1BAS,0
Y8BZ,0
TF0H,0
JZW9,0
A7A1,0
HPZ1,0
1DQ0,0
6NYB,0
BCV1,0
L1QS,0
P3LT,0
WBV6,0
MKV8,0
MDD1,0
FVP1,0
KYV6,0
DKR2,0
9MUN,0
DEW1,0
VFP2,0
42BW,0
GZ24,0
56YH,0
N71U,0
T1JN,0
S321,0
FPP5,0
BDR4,0
D9Z9,0
HF5N,0
GSF2,0
Z4QJ,0
1XHB,0
MUL2,0
NCG3,0
PLL9,0
583R,0
2TZQ,0
482G,0
99DE,0
334M,0
5BRA,0
D2JM,0
UQY4,0
N9VD,0
24YB,0
76QB,0
XBL3,0
EFE1,0
7J1A,0
52T6,0
UYS8,0
0K82,0
BH0N,0
YWY9,0
EFV0,0
ZWD6,0
F0NP,0
WNH9,0
PBL8,0
TRH5,0
VCS0,0
XQ1E,0
BNZ9,0
FW0C,0
P5HQ,0
F11V,0
DQS1,0
8DJW,0
QBK0,0
YXV7,0
JEL6,0
06VV,0
EGK8,0
UT9S,0
E8C3,0
RJ7Q,0
LCX9,0
BWB9,0
QFX4,0
3MJV,0
B8L5,0
2JYP,0
E2PE,0
0NQ6,0
4LJ8,0
H14S,0
50UF,0
17Q1,0
82DV,0
MUM0,0
3DZH,0
5WK3,0
4UWG,0
VX60,0
78HQ,0
M17U,0
J6AC,0
RXK4,0
X5D2,0
JD5T,0
9X6Z,0
PLP0,0
K908,0
9HLH,0
ETQ2,0
V7VA,0
X49U,0
G8PX,0
75DP,0
LZR9,0
S35R,0
WMR2,0
ZJU1,0
AF8V,0
GP10,0
GSG0,0
XK0A,0
BNW1,0
W4PX,0
CV9C,0
D22P,0
JMN9,0
KH0D,0
HTQ3,0
501T,0
VUK6,0
78XB,0
8D58,0
UU0Z,0
KBD5,0
AFU7,0
BU4S,0
37S9,0
JXB5,0
XL0V,0
9YLX,0
EX60,0
KAB7,0
4L37,0
N030,0
N017,0
H72N,0
SQR3,0
FYB0,0
K13T,0
QBA4,0
6YP6,0
87B1,0
JLZ1,0
YHT0,0
7BYH,0
HZY1,0
MS9H,0
1NFY,0
CQM0,0
ZVP9,0
7TEF,0
DL6Q,0
6DS4,0
L8EX,0
SNT8,0
N984,0
RHK3,0
VL7Q,0
8NZD,0
FDJ3,0
H6S3,0
YS1Y,0
NSM9,0
8FXT,0
X22U,0
RVU6,0
FMK3,0
30CR,0
JPS3,0
JMH9,0
CYX1,0
U0E0,0
FW6X,0
2889,0
KQK2,0
X3FN,0
BZ7E,0
ZJN4,0
QSM1,0
KZN0,0
PLW5,0
SP29,0
QM66,0
UD44,0
WYM7,0
S621,0
XE4L,0
7T1S,0
QM03,0
5DDL,0
FT1E,0
ZHJ9,0
0LET,0
YYM3,0
ZAL5,0
K8BN,0
MHW5,0
NL67,0
YCN9,0
U766,0
4XU6,0
M5FL,0
0CUC,0
RYF4,0
9T86,0
D18J,0
TPH6,0
Y5ES,0
F7FP,0
YT98,0
73JX,0
YYB7,0
GV57,0
K3UG,0
X7DC,0
4LXL,0
3NXU,0
82XZ,0
KQW8,0
2VV3,0
PGY5,0
28XF,0
LFX2,0
RPK0,0
HWH0,0
4EML,0
XA6S,0
MXV6,0
JWB5,0
UA7X,0
YX64,0
4JP0,0
KHU6,0
LSA5,0
6CW0,0
7Q27,0
F55H,0
3CTR,0
T0GE,0
5780,0
99FH,0
X0UJ,0
E70X,0
AD64,0
XY78,0
B1QX,0
S4BQ,0
KQH4,0
5QD3,0
1F96,0
8JAH,0
SFY2,0
PN3G,0
ZZ9S,0
9E3X,0
B5Z9,0
HPP0,0
KBG7,0
ZRD5,0
8XQV,0
9W8H,0
VVC9,0
ZMX2,0
XJ1A,0
R3D6,0
S553,0
AFZ5,0
Z1QN,0
X0FD,0
8U6D,0
V0M0,0
CV06,0
F9CS,0
V55C,0
GMG2,0
C5KH,0
V10X,0
YAV4,0
NK0Y,0
58XS,0
U1LG,0
W8MD,0
XR3Q,0
2RJJ,0
LEN7,0
DXY9,0
HA2R,0
JYM6,0
B11K,0
A1X5,0
L5WS,0
U038,0
SDR7,0
9SJ7,0
EHN2,0
S4SE,0
YYB6,0
GME9,0
G6JX,0
JYB9,0
ARA3,0
0AN8,0
9TMQ,0
TJC2,0
B0PE,0
BGE3,0
NCQ3,0
9F4L,0
39DR,0
JUB0,0
VF7N,0
H481,0
S38V,0
32VM,0
CZM3,0
SDF1,0
GJU1,0
HDK5,0
YYM2,0
LLC6,0
XPT7,0
0EA4,0
AAS4,0
6DRG,0
TU14,0
TSF5,0
5TN3,0
MP9J,0
N6GA,0
AST9,0
EXX2,0
BNA8,0
6B4Z,0
PBB4,0
M1T2,0
61AR,0
33UX,0
LHR7,0
UR15,0
18X8,0
YL1K,0
J3KK,0
6TXF,0
4S4L,0
62NP,0
EEQ8,0
RS82,0
JKQ4,0
0RZN,0
N27Y,0
5437,0
GKS6,0
DYL1,0
WE16,0
SFJ6,0
NQB2,0
0UTX,0
RTP2,0
JKY3,0
33AT,0
F5WG,0
TXQ0,0
C1V3,0
ZD9J,0
1H32,0
6EHJ,0
YL9X,0
Y1HD,0
8AWD,0
Z0NN,0
X30F,0
YMH3,0
H2FJ,0
XNS6,0
UJ0E,0
QKP4,0
2X4E,0
UL7R,0
B9DE,0
76ML,0
JVF6,0
EGP3,0
ZD8V,0
9A9W,0
Z5DF,0
040N,0
CPC5,0
V3UD,0
DXV9,0
CNT8,0
3F0A,0
XQ7L,0
X2L0,0
1WL1,0
RGZ2,0
ZCE0,0
JGT3,0
N5D6,0
KC6G,0
LL8Q,0
WSC7,0
ZCW9,0
NEU4,0
PSF9,0
X40Z,0
58NP,0
9YBE,0
L2UJ,0
NMW9,0
UZT8,0
YDU1,0
PAX4,0
FZB5,0
QKQ7,0
40L9,0
8W9U,0
U709,0
M7KU,0
WD6L,0
0AB9,0
P7DZ,0
J0T4,0
38D1,0
ZBZ2,0
97RA,0
HUL1,0
HVF6,0
NWA6,0
K5H9,0
2K96,0
KBE7,0
76WS,0
A90V,0
LM23,0
DQ30,0
J4R8,0
TTG4,0
06YJ,0
FQL1,0
N8ME,0
278W,0
HQP1,0
42PE,0
TJE0,0
5Y6Q,0
3R1B,0
J6TU,0
DUK7,0
MSE9,0
XAJ6,0
12AN,0
XF6S,0
5TT7,0
TN0Q,0
SE90,0
NDH0,0
E270,0
2KTH,0
FTX2,0
WJQ0,0
F4Q0,0
EJQ4,0
PHM1,0
2V7D,0
GE8X,0
AFM1,0
4NUM,0
Y2LV,0
H1QJ,0
WUG0,0
TRZ9,0
XLS4,0
6DVY,0
868R,0
HFD2,0
ZKT4,0
UUE0,0
8R49,0
L7KR,0
XF93,0
UUQ2,0
Q0E1,0
XEV8,0
LQW3,0
QTR6,0
X21G,0
40LL,0
9A9H,0
KFJ7,0
L4SM,0
L2DA,0
XQ7R,0
UNJ5,0
591H,0
VQR2,0
BB3W,0
7LMA,0
W183,0
JK6L,0
E27A,0
WXR9,0
25SN,0
YZD6,0
XBN2,0
YQA6,0
6SY0,0
WBM7,0
YHK4,0
1S38,0
XLH3,0
LHL2,0
YZL9,0
J8MT,0
N0A4,0
SM1E,0
709Y,0
FRR5,0
KXL4,0
S3MZ,0
T71R,0
WMS7,0
24G5,0
Y4SV,0
ELB7,0
3JK6,0
77NL,0
88WV,0
DNZ3,0
V2UR,0
WD4H,0
FNA2,0
J182,0
RAM3,0
G3RA,0
MHF2,0
V5YL,0
NVJ9,0
TA43,0
J7DB,0
Q4LH,0
ZB7M,0
6379,0
VAA1,0
N3CP,0
YL0J,0
UB5E,0
SHJ6,0
PRC9,0
TNG8,0
KQ55,0
3STG,0
QTS1,0
WAS2,0
LCV1,0
09GE,0
ZCY7,0
91T8,0
AXR5,0
L88E,0
LMP4,0
4A6F,0
55LH,0
RUD6,0
QGG0,0
PPN1,0
AMG1,0
VZC9,0
TB73,0
KG92,0
Z5TC,0
3TGE,0
30KN,0
1GPF,0
8XX4,0
DM6V,0
G6BD,0
D6K9,0
7RJA,0
5WEE,0
BYT8,0
NBM6,0
791U,0
UB17,0
5GA2,0
KX2Q,0
1J8P,0
BXN3,0
5WTC,0
U165,0
WE5A,0
6MV1,0
SF9P,0
3MPH,0
4JHC,0
0KEF,0
9VH3,0
